startIndex,endIndex,protein1,protein2,difference
0,100,59,46,13
1,101,666501,666239,261
2,102,883670,899140,-15470
3,103,960368,975840,-15472
4,104,885057,898224,-13167
5,105,1003292,1018793,-15501
6,106,993003,1007727,-14724
7,107,991538,1006550,-15012
8,108,940891,958824,-17932
9,109,961793,978232,-16439
10,110,948422,965115,-16693
11,111,940657,956598,-15942
12,112,976271,993073,-16802
13,113,984146,999600,-15454
14,114,994821,1010235,-15414
15,115,973604,987358,-13754
16,116,1009493,1023234,-13741
17,117,985099,998822,-13723
18,118,985119,998846,-13727
19,119,952722,966739,-14018
20,120,960534,973807,-13273
21,121,965258,978153,-12895
22,122,977373,990137,-12764
23,123,992443,1004960,-12518
24,124,962903,970391,-7488
25,125,957596,965687,-8092
26,126,920366,930892,-10526
27,127,924019,935549,-11530
28,128,942001,950520,-8520
29,129,940838,949315,-8478
30,130,946286,954886,-8600
31,131,974311,982959,-8648
32,132,993445,1001946,-8502
33,133,1027217,1035781,-8564
34,134,1027242,1035809,-8567
35,135,1039235,1045837,-6601
36,136,1039245,1045846,-6601
37,137,1044969,1050375,-5405
38,138,1049731,1056028,-6297
39,139,1022883,1031304,-8421
40,140,1046518,1055385,-8867
41,141,1055462,1064363,-8900
42,142,1062157,1070987,-8830
43,143,1084799,1093783,-8984
44,144,1094632,1103272,-8640
45,145,1109761,1118302,-8541
46,146,1099833,1107658,-7825
47,147,1105339,1115063,-9724
48,148,1085494,1094602,-9108
49,149,1099142,1108446,-9304
50,150,1076671,1085176,-8505
51,151,1074490,1083002,-8512
52,152,1042900,1051403,-8503
53,153,1042560,1051084,-8524
54,154,1030922,1039548,-8626
55,155,1016019,1024577,-8558
56,156,1001059,1009656,-8597
57,157,984625,993179,-8554
58,158,999560,1008095,-8535
59,159,999551,1008079,-8528
60,160,998942,1008045,-9103
61,161,1004724,1013915,-9190
62,162,999599,1010373,-10774
63,163,1010077,1021368,-11290
64,164,978152,987836,-9684
65,165,978131,987821,-9691
66,166,993409,1002865,-9456
67,167,993419,1002864,-9445
68,168,997389,1007997,-10608
69,169,998824,1009192,-10368
70,170,1003070,1013930,-10859
71,171,1019837,1027105,-7268
72,172,1015782,1023068,-7287
73,173,982068,990287,-8219
74,174,1009912,1017936,-8024
75,175,1024493,1032568,-8075
76,176,1024501,1032572,-8072
77,177,1024496,1032574,-8078
78,178,1035619,1043042,-7423
79,179,1035616,1043043,-7427
80,180,1041922,1049496,-7574
81,181,1044859,1054587,-9728
82,182,1019523,1031769,-12246
83,183,1044314,1057060,-12746
84,184,1040038,1052839,-12801
85,185,1062869,1075498,-12629
86,186,1076932,1089658,-12726
87,187,1087752,1099917,-12165
88,188,1087745,1099913,-12168
89,189,1091067,1105376,-14309
90,190,1101926,1115648,-13721
91,191,1075646,1092584,-16938
92,192,1100013,1118037,-18024
93,193,1090821,1108812,-17992
94,194,1113584,1131560,-17976
95,195,1127801,1145713,-17912
96,196,1137921,1156442,-18521
97,197,1137908,1156427,-18520
98,198,1131666,1149843,-18176
99,199,1129598,1147751,-18153
100,200,1093125,1111949,-18825
101,201,1117462,1134717,-17256
102,202,1109492,1126792,-17300
103,203,1114541,1131879,-17338
104,204,1114516,1131829,-17313
105,205,1124028,1141087,-17059
106,206,1124015,1141079,-17064
107,207,1126571,1144183,-17612
108,208,1139534,1158040,-18506
109,209,1114724,1134378,-19653
110,210,1140491,1160056,-19565
111,211,1107144,1126840,-19696
112,212,1105398,1125186,-19788
113,213,1103743,1123481,-19738
114,214,1088002,1107831,-19828
115,215,1066825,1086581,-19756
116,216,1066818,1086563,-19746
117,217,1062218,1081932,-19713
118,218,1077217,1096879,-19661
119,219,1064694,1085493,-20799
120,220,1078096,1100552,-22456
121,221,1056880,1079887,-23008
122,222,1069804,1094141,-24336
123,223,1091853,1112681,-20829
124,224,1100825,1121661,-20837
125,225,1100085,1120047,-19962
126,226,1101259,1121216,-19957
127,227,1063385,1088238,-24852
128,228,1063357,1088216,-24860
129,229,1024238,1048955,-24717
130,230,1005225,1030094,-24869
131,231,1001252,1025999,-24747
132,232,986378,1011110,-24732
133,233,990740,1015979,-25240
134,234,996474,1021296,-24822
135,235,986830,1011671,-24841
136,236,1011805,1035927,-24122
137,237,989994,1009801,-19807
138,238,987713,1007470,-19757
139,239,976540,995836,-19296
140,240,991166,1010578,-19412
141,241,984476,1003956,-19481
142,242,947742,967085,-19343
143,243,962370,981258,-18887
144,244,962366,981255,-18889
145,245,953308,970318,-17010
146,246,957945,974253,-16307
147,247,929080,945102,-16023
148,248,944054,960067,-16013
149,249,911027,927966,-16939
150,250,919028,935949,-16921
151,251,920899,937917,-17018
152,252,926448,942445,-15998
153,253,920877,936823,-15946
154,254,933921,950090,-16169
155,255,952920,969874,-16954
156,256,965448,983930,-18481
157,257,991488,1008984,-17496
158,258,996616,1013584,-16969
159,259,1005579,1022522,-16943
160,260,1004992,1020429,-15437
161,261,1003804,1019218,-15414
162,262,965026,980149,-15123
163,263,965018,980137,-15119
164,264,965048,980164,-15115
165,265,980000,995402,-15402
166,266,976040,990274,-14234
167,267,980232,994950,-14718
168,268,974721,989250,-14529
169,269,970169,984634,-14465
170,270,953622,970972,-17350
171,271,961566,978963,-17397
172,272,962895,980330,-17435
173,273,934905,952332,-17427
174,274,934893,952318,-17425
175,275,939172,956849,-17677
176,276,945436,962847,-17411
177,277,949931,967777,-17845
178,278,959048,976521,-17473
179,279,965839,983292,-17453
180,280,941505,954917,-13412
181,281,942777,956228,-13451
182,282,917481,930982,-13501
183,283,917475,930959,-13485
184,284,884657,898998,-14340
185,285,890659,905364,-14705
186,286,894960,909798,-14838
187,287,906284,917766,-11482
188,288,915232,926718,-11486
189,289,890561,900518,-9956
190,290,911575,921443,-9869
191,291,887610,895123,-7513
192,292,887608,895113,-7505
193,293,850619,858219,-7601
194,294,865199,873124,-7925
195,295,865211,873138,-7926
196,296,873823,882702,-8880
197,297,893668,898435,-4767
198,298,897664,902533,-4870
199,299,910429,915645,-5216
200,300,878342,885080,-6738
201,301,901117,907809,-6692
202,302,915250,921903,-6653
203,303,930474,936337,-5863
204,304,930457,936323,-5867
205,305,922463,926386,-3924
206,306,929360,933739,-4379
207,307,900832,902668,-1836
208,308,915932,918978,-3047
209,309,888922,892845,-3923
210,310,888924,892839,-3914
211,311,885050,889478,-4428
212,312,881501,885861,-4360
213,313,901015,905695,-4679
214,314,914966,920157,-5191
215,315,914944,920136,-5191
216,316,918917,924642,-5725
217,317,926073,931937,-5864
218,318,917029,921807,-4778
219,319,942517,947319,-4803
220,320,927055,927390,-335
221,321,918082,918411,-329
222,322,882373,886746,-4373
223,323,887471,892421,-4949
224,324,904094,907388,-3294
225,325,909587,912820,-3233
226,326,904036,907223,-3187
227,327,909530,912961,-3432
228,328,919421,918719,702
229,329,945561,945142,419
230,330,959992,960215,-223
231,331,955633,955346,288
232,332,965938,970581,-4643
233,333,975337,981602,-6265
234,334,985306,988658,-3352
235,335,961077,975310,-14233
236,336,967749,981952,-14203
237,337,983654,998019,-14364
238,338,955585,969941,-14357
239,339,972513,984732,-12219
240,340,972530,984744,-12214
241,341,986133,1000073,-13940
242,342,1001798,1021910,-20113
243,343,1013254,1032405,-19150
244,344,1034654,1058102,-23449
245,345,1034356,1058473,-24117
246,346,1028548,1052629,-24081
247,347,999008,1024127,-25119
248,348,1004579,1029708,-25129
249,349,993691,1018767,-25076
250,350,993686,1018759,-25073
251,351,993690,1018762,-25072
252,352,992111,1020249,-28138
253,353,992101,1020237,-28136
254,354,965015,990994,-25979
255,355,960376,986557,-26181
256,356,924547,950797,-26250
257,357,943208,975830,-32622
258,358,942236,974881,-32646
259,359,941281,973857,-32576
260,360,951432,983077,-31645
261,361,955675,987943,-32268
262,362,960827,994037,-33210
263,363,966104,999093,-32989
264,364,985385,1024802,-39418
265,365,995728,1034668,-38939
266,366,999329,1038336,-39007
267,367,1002030,1044349,-42319
268,368,990547,1033283,-42736
269,369,957169,1000905,-43737
270,370,961994,1005743,-43749
271,371,980888,1031023,-50134
272,372,995367,1045693,-50326
273,373,994399,1045507,-51108
274,374,1008259,1060034,-51774
275,375,997487,1049103,-51617
276,376,994345,1046995,-52650
277,377,959815,1011998,-52183
278,378,965857,1016559,-50702
279,379,973144,1025715,-52571
280,380,979901,1032496,-52595
281,381,987887,1040512,-52625
282,382,994720,1046592,-51871
283,383,1010938,1061136,-50197
284,384,1000646,1050327,-49681
285,385,995958,1046952,-50995
286,386,961490,1013934,-52445
287,387,986201,1039809,-53607
288,388,992500,1048262,-55762
289,389,950270,1006068,-55798
290,390,951009,1010842,-59834
291,391,953948,1018386,-64439
292,392,976477,1023284,-46806
293,393,982631,1047408,-64777
294,394,978865,1047841,-68977
295,395,978863,1047833,-68970
296,396,958448,1033650,-75202
297,397,970526,1046435,-75909
298,398,943749,1020810,-77062
299,399,968707,1045746,-77038
300,400,940789,1017897,-77108
301,401,949772,1026874,-77102
302,402,955382,1032438,-77056
303,403,951095,1028500,-77405
304,404,951092,1028493,-77400
305,405,940116,1017099,-76983
306,406,940564,1017547,-76982
307,407,902698,977768,-75070
308,408,902677,977761,-75085
309,409,897597,972127,-74530
310,410,897597,972125,-74528
311,411,907434,981514,-74081
312,412,872819,946348,-73529
313,413,878301,952668,-74367
314,414,878571,953125,-74554
315,415,903246,977499,-74253
316,416,906312,979844,-73533
317,417,910316,983766,-73450
318,418,885260,958429,-73169
319,419,885248,958425,-73176
320,420,895466,967757,-72291
321,421,913139,987473,-74334
322,422,922278,996223,-73946
323,423,907981,982936,-74955
324,424,916898,991894,-74997
325,425,918132,992877,-74745
326,426,940896,1015509,-74613
327,427,945066,1023810,-78744
328,428,919588,997009,-77421
329,429,919565,996723,-77158
330,430,913293,986202,-72910
331,431,918822,992422,-73600
332,432,884378,960236,-75859
333,433,903231,977277,-74047
334,434,878730,945175,-66446
335,435,889770,955621,-65852
336,436,881088,946672,-65584
337,437,900220,965495,-65275
338,438,933979,999393,-65414
339,439,920413,984101,-63689
340,440,936584,998666,-62082
341,441,905169,961980,-56811
342,442,901418,958630,-57213
343,443,873647,923987,-50339
344,444,898920,948902,-49983
345,445,904860,954853,-49993
346,446,895912,945874,-49962
347,447,903795,954790,-50995
348,448,922624,974480,-51856
349,449,936378,989024,-52646
350,450,961821,1013548,-51727
351,451,970791,1022539,-51748
352,452,975294,1026870,-51576
353,453,984240,1035885,-51645
354,454,980328,1032332,-52004
355,455,964403,1016401,-51998
356,456,930016,976553,-46536
357,457,930018,976558,-46540
358,458,945216,991179,-45963
359,459,945210,991171,-45961
360,460,941719,987943,-46223
361,461,935706,981482,-45776
362,462,925230,971837,-46606
363,463,919645,954159,-34514
364,464,926408,960926,-34518
365,465,933974,968687,-34713
366,466,944951,979580,-34628
367,467,952398,986108,-33710
368,468,942111,974976,-32865
369,469,931737,964893,-33156
370,470,903235,929750,-26514
371,471,907393,934476,-27083
372,472,932117,957885,-25769
373,473,940064,965851,-25787
374,474,944366,969352,-24985
375,475,959323,981674,-22351
376,476,949164,972830,-23666
377,477,938629,962299,-23670
378,478,903791,927812,-24021
379,479,908175,931576,-23402
380,480,922708,946172,-23464
381,481,930656,954113,-23457
382,482,938632,962098,-23466
383,483,950059,971503,-21445
384,484,950050,971493,-21442
385,485,949774,970208,-20433
386,486,915569,930025,-14456
387,487,920358,947393,-27035
388,488,943934,967771,-23837
389,489,952930,976744,-23814
390,490,934156,970989,-36833
391,491,961835,998402,-36568
392,492,961312,973997,-12684
393,493,961293,973928,-12635
394,494,948539,958751,-10211
395,495,963602,973472,-9870
396,496,930625,939096,-8470
397,497,936897,943714,-6816
398,498,917512,924056,-6545
399,499,934610,939063,-4453
400,500,950758,953825,-3067
401,501,954168,957252,-3085
402,502,962688,965742,-3054
403,503,970636,973701,-3065
404,504,976246,979300,-3054
405,505,976262,979318,-3056
406,506,976299,979358,-3060
407,507,976297,979354,-3058
408,508,991402,994273,-2871
409,509,991389,994259,-2869
410,510,996066,998996,-2929
411,511,994932,997455,-2523
412,512,990414,990695,-281
413,513,999912,1001752,-1840
414,514,960524,962976,-2452
415,515,975480,975646,-166
416,516,979548,979856,-308
417,517,987256,986144,1113
418,518,977211,975696,1515
419,519,1002007,999729,2278
420,520,984611,980036,4576
421,521,979623,978766,857
422,522,953459,954815,-1356
423,523,953454,954804,-1350
424,524,951611,952910,-1298
425,525,921075,922640,-1564
426,526,926203,927684,-1481
427,527,951467,952760,-1294
428,528,954234,954852,-617
429,529,954215,954836,-621
430,530,959934,958709,1224
431,531,952111,950893,1219
432,532,915195,917261,-2066
433,533,920035,920795,-760
434,534,886421,886721,-300
435,535,891772,893805,-2033
436,536,880729,882790,-2061
437,537,873917,875861,-1945
438,538,888883,891295,-2412
439,539,888872,891287,-2416
440,540,885187,922807,-37620
441,541,888382,923989,-35607
442,542,889787,919082,-29295
443,543,849958,1047327,-197369
444,544,856727,1054115,-197388
445,545,851297,1047647,-196350
446,546,859289,1055642,-196353
447,547,1123257,1035677,87581
448,548,1114295,1026690,87605
449,549,1085617,1001560,84057
450,550,1105465,1021874,83591
451,551,1109361,1027991,81370
452,552,1124659,1043498,81161
453,553,1128072,1046848,81224
454,554,1137108,1055735,81373
455,555,1142709,1061277,81432
456,556,1143147,1061722,81425
457,557,1143141,1061720,81421
458,558,1139887,1057588,82299
459,559,1140345,1058049,82296
460,560,1131840,1048418,83421
461,561,1117094,1033677,83417
462,562,1076660,995831,80828
463,563,1076670,995823,80847
464,564,1080606,999659,80947
465,565,1080600,999651,80949
466,566,1084714,1004056,80657
467,567,1087618,1006772,80846
468,568,1091911,1011146,80765
469,569,1109173,1024623,84551
470,570,1108781,1023013,85767
471,571,1068972,986798,82174
472,572,1073125,991190,81935
473,573,1076851,998590,78261
474,574,1092397,1003109,89289
475,575,1110266,1021259,89007
476,576,1124839,1035592,89247
477,577,1115836,1025975,89861
478,578,1104665,1014560,90105
479,579,1070185,976478,93707
480,580,1074695,986463,88232
481,581,1098827,1011195,87632
482,582,1113546,1025632,87914
483,583,1108673,1021058,87615
484,584,1113370,1025952,87418
485,585,1109726,1014026,95700
486,586,1106001,1010347,95655
487,587,1091409,995779,95630
488,588,1098191,1002572,95619
489,589,1099756,1003870,95886
490,590,1065486,969886,95600
491,591,1079869,984105,95764
492,592,1079908,984138,95770
493,593,1084262,988357,95905
494,594,1088870,992959,95912
495,595,1078683,984142,94541
496,596,1103823,1008870,94953
497,597,1073814,981749,92065
498,598,1072792,980746,92045
499,599,1047767,957331,90437
500,600,1052409,962178,90231
501,601,1050505,959355,91151
502,602,1046786,955140,91645
503,603,1069729,973528,96201
504,604,1084220,988049,96170
505,605,1087720,991921,95798
506,606,1103517,1006988,96529
507,607,1103510,1006983,96527
508,608,1103655,1006802,96853
509,609,1109563,1013389,96174
510,610,1102633,1007045,95587
511,611,1128556,1031315,97241
512,612,1097392,1000873,96518
513,613,1130785,1034095,96690
514,614,1144867,1048229,96638
515,615,1147927,1051872,96055
516,616,1167868,1073601,94267
517,617,1170610,1076179,94431
518,618,1148345,1053541,94805
519,619,1163325,1068589,94736
520,620,1194021,1095524,98497
521,621,1194013,1095517,98495
522,622,1204590,1103478,101112
523,623,1204579,1103471,101108
524,624,1207859,1105404,102455
525,625,1221393,1119090,102303
526,626,1196613,1094090,102523
527,627,1221012,1120003,101009
528,628,1230073,1129014,101059
529,629,1239033,1138007,101026
530,630,1243212,1142387,100825
531,631,1248782,1147932,100850
532,632,1238402,1139399,99003
533,633,1222503,1123460,99043
534,634,1183191,1082165,101026
535,635,1197250,1096487,100763
536,636,1197218,1096458,100760
537,637,1201697,1131095,70602
538,638,1206128,1094825,111304
539,639,1210338,1128230,82108
540,640,1223885,1130692,93193
541,641,1223704,1130473,93230
542,642,954217,975551,-21335
543,643,968861,990252,-21391
544,644,952957,974330,-21373
545,645,952922,974295,-21373
546,646,967521,980290,-12768
547,647,955620,966351,-10731
548,648,957984,980931,-22947
549,649,990060,963059,27000
550,650,993405,969635,23770
551,651,954543,955358,-815
552,652,963601,964354,-754
553,653,961227,962056,-829
554,654,978406,979202,-796
555,655,992040,992897,-857
556,656,2786172,1006523,1779649
557,657,2786164,1006515,1779648
558,658,2790536,1011208,1779328
559,659,2796068,1016048,1780020
560,660,2800538,1020603,1779935
561,661,2825655,1045059,1780596
562,662,2832281,1051712,1780570
563,663,2859924,1079310,1780614
564,664,2870517,1089679,1780837
565,665,2870502,1089666,1780837
566,666,2859244,1078112,1781132
567,667,2873355,1093102,1780253
568,668,2832111,1055927,1776184
569,669,2836636,1060671,1775965
570,670,2839843,1063496,1776347
571,671,2844016,1067781,1776235
572,672,2851427,1080109,1771318
573,673,2868605,1094920,1773685
574,674,2831972,1058151,1773822
575,675,2838491,1063838,1774653
576,676,2838745,1065253,1773492
577,677,2863802,1089943,1773859
578,678,2868167,1092445,1775721
579,679,2868147,1092415,1775731
580,680,2833847,1057890,1775957
581,681,2837725,1062908,1774817
582,682,2837191,1062822,1774369
583,683,2863336,1087700,1775636
584,684,2860180,1082881,1777300
585,685,2861315,1084000,1777315
586,686,2832948,1055385,1777564
587,687,2847344,1069827,1777517
588,688,2831451,1053910,1777542
589,689,2844334,1068464,1775870
590,690,2861068,1088618,1772450
591,691,2869680,1099481,1770199
592,692,2893509,1124075,1769434
593,693,2890533,1121397,1769136
594,694,2897271,1128212,1769060
595,695,2870993,1102402,1768592
596,696,2885492,1116497,1768995
597,697,2885457,1116459,1768998
598,698,2890185,1121907,1768278
599,699,2887154,1119785,1767368
600,700,2898378,1134113,1764265
601,701,2899489,1134537,1764953
602,702,2855116,1095451,1759665
603,703,2859270,1100150,1759120
604,704,2862962,1103779,1759184
605,705,2867255,1108323,1758932
606,706,2886106,1127700,1758406
607,707,2894034,1135668,1758365
608,708,2888473,1129715,1758758
609,709,2880639,1121865,1758774
610,710,2853289,1098564,1754726
611,711,2853266,1098538,1754728
612,712,2818643,1065703,1752940
613,713,2824222,1073496,1750726
614,714,2878692,1048083,1830610
615,715,2919910,1064857,1855054
616,716,2911657,1056693,1854964
617,717,2905714,1050670,1855044
618,718,2899795,1044662,1855133
619,719,2888924,1033817,1855107
620,720,2888917,1033807,1855110
621,721,2888919,1033805,1855114
622,722,2790990,1020447,1770543
623,723,80719660594,1035035,80718625558
624,724,2808350,999605,1808746
625,725,3679691,995171,2684520
626,726,7449986,962179,6487807
627,727,2781761,966757,1815004
628,728,2798359,983398,1814961
629,729,2804482,989257,1815225
630,730,2798902,983696,1815205
631,731,2803247,988332,1814915
632,732,2807594,992955,1814639
633,733,2812301,997839,1814462
634,734,2837680,1022228,1815452
635,735,2774262,995620,1778642
636,736,2782605,1003605,1779000
637,737,2786655,984320,1802335
638,738,2779698,977658,1802040
639,739,2754484,981957,1772527
640,740,2772227,1002129,1770099
641,741,2742650,974852,1767798
642,742,2767666,999865,1767801
643,743,2776690,1008905,1767784
644,744,2785663,1017895,1767768
645,745,2794625,1026809,1767816
646,746,2797800,1017828,1779972
647,747,2797795,1017828,1779967
648,748,2720511,984611,1735900
649,749,2711512,975635,1735877
650,750,931347,951119,-19772
651,751,931335,951103,-19768
652,752,929113,949322,-20209
653,753,896487,917261,-20774
654,754,900907,922000,-21093
655,755,925771,946218,-20447
656,756,929433,949534,-20101
657,757,937398,957519,-20121
658,758,941645,962767,-21121
659,759,934984,956077,-21092
660,760,899791,920998,-21207
661,761,905314,927144,-21830
662,762,867085,889528,-22443
663,763,894156,915595,-21439
664,764,900993,922439,-21446
665,765,922235,943667,-21432
666,766,943420,964692,-21272
667,767,949539,970633,-21094
668,768,960468,981335,-20867
669,769,991349,1012311,-20962
670,770,1006714,1027218,-20504
671,771,962835,988130,-25295
672,772,967015,992624,-25609
673,773,965969,993290,-27321
674,774,969851,998135,-28284
675,775,989099,1016535,-27436
676,776,957497,985951,-28454
677,777,964152,992632,-28480
678,778,987196,1015529,-28334
679,779,1001795,1030147,-28352
680,780,993704,1020282,-26578
681,781,978978,1005581,-26603
682,782,952938,981095,-28157
683,783,952923,981092,-28169
684,784,946408,974805,-28397
685,785,951238,979282,-28044
686,786,955654,984301,-28647
687,787,966800,993910,-27110
688,788,974760,1001894,-27134
689,789,950086,971706,-21621
690,790,943403,965019,-21615
691,791,920533,941210,-20677
692,792,920514,941206,-20692
693,793,888339,909066,-20727
694,794,894808,916587,-21779
695,795,899246,921811,-22564
696,796,917945,941455,-23511
697,797,932053,956875,-24822
698,798,927295,950978,-23683
699,799,893523,916920,-23397
700,800,899118,922675,-23558
701,801,917719,942694,-24975
702,802,932179,957015,-24836
703,803,923875,948095,-24220
704,804,914681,939581,-24900
705,805,882280,907148,-24868
706,806,885958,912233,-26276
707,807,910233,937249,-27016
708,808,917854,944900,-27046
709,809,918855,945898,-27043
710,810,907369,932661,-25292
711,811,923925,947468,-23543
712,812,894503,913241,-18737
713,813,890264,908957,-18693
714,814,853923,875109,-21186
715,815,858319,880018,-21699
716,816,872398,896673,-24275
717,817,870043,894369,-24326
718,818,892132,916419,-24287
719,819,906843,931034,-24191
720,820,906818,931007,-24190
721,821,906803,930988,-24185
722,822,921602,945917,-24315
723,823,917458,941390,-23931
724,824,921496,945937,-24441
725,825,916330,939123,-22793
726,826,920207,943513,-23306
727,827,904794,926012,-21218
728,828,912614,933838,-21225
729,829,941537,962451,-20914
730,830,955626,976546,-20920
731,831,957647,978048,-20401
732,832,974444,994809,-20365
733,833,951845,972708,-20862
734,834,968997,989921,-20924
735,835,983929,1004880,-20950
736,836,1015342,1036298,-20956
737,837,1002829,1021572,-18743
738,838,1018164,1036128,-17964
739,839,987641,1000910,-13269
740,840,982824,996348,-13524
741,841,949172,963610,-14438
742,842,953253,968419,-15167
743,843,968503,983488,-14984
744,844,973971,989453,-15482
745,845,968351,983846,-15495
746,846,972374,988484,-16110
747,847,976772,993023,-16251
748,848,980987,997925,-16938
749,849,1004906,1022943,-18037
750,850,1008451,1026036,-17585
751,851,1016430,1034008,-17578
752,852,1021823,1039479,-17657
753,853,1005924,1023559,-17635
754,854,970746,989536,-18790
755,855,974630,993874,-19245
756,856,978833,998540,-19707
757,857,1003421,1023431,-20010
758,858,1007323,1027002,-19679
759,859,1015286,1034963,-19678
760,860,1018844,1038719,-19875
761,861,1012004,1031861,-19857
762,862,974279,996687,-22407
763,863,979132,1002307,-23175
764,864,959808,984692,-24884
765,865,963834,988425,-24591
766,866,953147,977734,-24587
767,867,935940,960820,-24880
768,868,920198,945648,-25450
769,869,924465,950262,-25796
770,870,944623,971213,-26590
771,871,951397,977982,-26585
772,872,950038,974727,-24690
773,873,949052,973721,-24669
774,874,925097,949253,-24156
775,875,925085,949234,-24149
776,876,922444,947133,-24690
777,877,885311,911208,-25897
778,878,889119,915813,-26694
779,879,913098,938759,-25661
780,880,920916,946544,-25628
781,881,931943,957556,-25612
782,882,955360,981029,-25669
783,883,974349,1000111,-25762
784,884,998934,1024350,-25416
785,885,985932,1011291,-25359
786,886,962901,986575,-23674
787,887,962883,986556,-23672
788,888,967332,991035,-23702
789,889,973117,996962,-23845
790,890,977042,1001769,-24727
791,891,996148,1022011,-25863
792,892,1002930,1028805,-25875
793,893,1013119,1037283,-24164
794,894,1034359,1058415,-24056
795,895,1007517,1028562,-21045
796,896,1018127,1039241,-21114
797,897,1055353,1075481,-20129
798,898,1063744,1083820,-20076
799,899,1058124,1078052,-19929
800,900,1036092,1054038,-17946
801,901,1036076,1054027,-17951
802,902,1036217,1054423,-18206
803,903,1042197,1060218,-18021
804,904,1036391,1053773,-17381
805,905,1053845,1069992,-16147
806,906,1019758,1036922,-17164
807,907,1027700,1044840,-17140
808,908,1034702,1051863,-17161
809,909,1042748,1065191,-22442
810,910,1042739,1065180,-22441
811,911,1052908,1075060,-22151
812,912,1071610,1094340,-22730
813,913,1075867,1098562,-22694
814,914,1094140,1117043,-22903
815,915,1065222,1085410,-20188
816,916,1071853,1092092,-20238
817,917,1052270,1072444,-20174
818,918,1066374,1086642,-20268
819,919,1082820,1101167,-18347
820,920,1082804,1101151,-18347
821,921,1087723,1105970,-18247
822,922,1088562,1107721,-19158
823,923,1092939,1112729,-19790
824,924,1106051,1127388,-21337
825,925,1104952,1126321,-21369
826,926,1064426,1088746,-24321
827,927,1079322,1103438,-24116
828,928,1032008,1056135,-24127
829,929,1025458,1049667,-24209
830,930,990451,1015203,-24753
831,931,985437,1010134,-24696
832,932,990286,1017076,-26789
833,933,982093,1008877,-26784
834,934,967211,993914,-26703
835,935,966051,991934,-25882
836,936,966040,991922,-25882
837,937,980454,1007486,-27033
838,938,994635,1022819,-28183
839,939,1008941,1039001,-30060
840,940,1021950,1051070,-29120
841,941,1030920,1060054,-29134
842,942,998894,1027873,-28980
843,943,1021777,2662163,-1640386
844,944,1031968,2671860,-1639892
845,945,1048268,2686909,-1638641
846,946,1039607,2677415,-1637809
847,947,1028608,2666152,-1637544
848,948,996869,2632225,-1635356
849,949,1001172,2637131,-1635959
850,950,1024462,2662455,-1637993
851,951,1031209,2669218,-1638008
852,952,1027283,2664409,-1637127
853,953,1041386,2679172,-1637786
854,954,1033251,2670103,-1636853
855,955,1021168,2658698,-1637531
856,956,988939,2625186,-1636247
857,957,992770,2629758,-1636988
858,958,1017741,2654472,-1636731
859,959,1025532,2662276,-1636744
860,960,1054225,2689954,-1635729
861,961,1068337,2704014,-1635677
862,962,1074604,2709493,-1634889
863,963,1069619,2703062,-1633443
864,964,1086740,2720306,-1633567
865,965,1099913,2733153,-1633240
866,966,1114854,2748100,-1633246
867,967,1136633,2768936,-1632303
868,968,1129780,2762102,-1632322
869,969,1105152,2736857,-1631705
870,970,1105120,2736826,-1631707
871,971,1102099,2735124,-1633026
872,972,1119480,2750782,-1631303
873,973,1133558,2764937,-1631379
874,974,1154270,2783764,-1629494
875,975,1160928,2790437,-1629509
876,976,1174886,2802439,-1627553
877,977,1181172,2808700,-1627528
878,978,1154436,2786114,-1631679
879,979,1154393,2786074,-1631680
880,980,1119347,2751177,-1631830
881,981,1106474,2738641,-1632167
882,982,1091977,2724084,-1632107
883,983,1103623,2731585,-1627962
884,984,1110404,2738366,-1627962
885,985,1118364,2746341,-1627977
886,986,1121900,2749867,-1627966
887,987,1136408,2764524,-1628116
888,988,1126708,2753804,-1627096
889,989,1124692,2751727,-1627035
890,990,1092124,2717419,-1625295
891,991,1096286,1111250,-14964
892,992,1080058,1092658,-12600
893,993,1076127,1088725,-12597
894,994,1065507,1078049,-12542
895,995,1060756,1071154,-10398
896,996,1039410,1049973,-10564
897,997,1035574,1046546,-10973
898,998,1041782,1052217,-10435
899,999,1046143,1057019,-10876
900,1000,1067322,1078852,-11529
901,1001,1074114,1085608,-11494
902,1002,1072111,1083106,-10996
903,1003,1073283,1084269,-10986
904,1004,1053830,1060065,-6235
905,1005,1053790,1060029,-6239
906,1006,1041833,1048462,-6629
907,1007,1047738,1053864,-6126
908,1008,1051991,1058689,-6698
909,1009,1062521,1070936,-8415
910,1010,1069308,1077715,-8408
911,1011,1044087,1050540,-6453
912,1012,1043098,1049588,-6490
913,1013,1016407,1025315,-8908
914,1014,1016366,1025278,-8912
915,1015,1015260,1024364,-9104
916,1016,983884,993031,-9147
917,1017,1008167,1015647,-7480
918,1018,1023297,1030151,-6854
919,1019,1018364,1025318,-6955
920,1020,1030735,1039319,-8584
921,1021,1040676,1047547,-6871
922,1022,1047987,1055699,-7712
923,1023,1034291,1044582,-10291
924,1024,1043269,1053543,-10274
925,1025,1052252,1062515,-10263
926,1026,1061230,1071465,-10235
927,1027,1062119,1072392,-10273
928,1028,1062114,1072387,-10274
929,1029,1052238,1062121,-9884
930,1030,1045499,1055367,-9867
931,1031,1023162,1030146,-6984
932,1032,1023128,1030114,-6986
933,1033,1027531,1034477,-6946
934,1034,1032144,1039524,-7379
935,1035,1022077,1028219,-6142
936,1036,1047207,1053080,-5873
937,1037,1021236,1023844,-2608
938,1038,1020258,1022796,-2539
939,1039,991269,994511,-3242
940,1040,1007958,1009339,-1381
941,1041,1001327,1002640,-1313
942,1042,968479,970253,-1774
943,1043,974062,976194,-2132
944,1044,978292,980863,-2571
945,1045,998389,1001963,-3575
946,1046,1005184,1008788,-3604
947,1047,1015768,1018900,-3132
948,1048,1030370,1033340,-2970
949,1049,1003638,1003894,-256
950,1050,1014232,1014569,-337
951,1051,1056509,1057064,-555
952,1052,1072117,1071791,326
953,1053,1068315,1067303,1012
954,1054,1072721,1071721,1001
955,1055,1068950,1066227,2723
956,1056,1065467,1062718,2749
957,1057,1049522,1045176,4347
958,1058,1056247,1051916,4331
959,1059,1008744,1004383,4360
960,1060,1012110,1007483,4627
961,1061,971560,966949,4611
962,1062,966192,961669,4524
963,1063,953265,948999,4265
964,1064,942522,939104,3419
965,1065,952742,949391,3351
966,1066,944243,940880,3363
967,1067,952253,948913,3340
968,1068,967307,963142,4164
969,1069,954440,949059,5382
970,1070,958864,953711,5153
971,1071,933947,931216,2731
972,1072,931692,929574,2118
973,1073,918055,917877,179
974,1074,933077,931886,1191
975,1075,896149,895014,1135
976,1076,900224,899568,656
977,1077,905787,905218,569
978,1078,905910,905818,92
979,1079,930746,930383,363
980,1080,929120,928469,651
981,1081,928954,928310,644
982,1082,915735,918804,-3069
983,1083,930474,933462,-2988
984,1084,914583,917543,-2960
985,1085,914546,917509,-2963
986,1086,929426,932103,-2677
987,1087,924636,927362,-2726
988,1088,937425,941932,-4507
989,1089,945823,948736,-2913
990,1090,952348,957509,-5162
991,1091,934954,946549,-11595
992,1092,943938,955549,-11611
993,1093,952968,964543,-11575
994,1094,961976,973486,-11510
995,1095,963037,974206,-11169
996,1096,963028,974198,-11170
997,1097,952455,963734,-11279
998,1098,945629,956941,-11312
999,1099,920596,931126,-10531
1000,1100,920599,931118,-10520
1001,1101,920468,929511,-9043
1002,1102,939592,947006,-7414
1003,1103,955379,962077,-6698
1004,1104,974652,983814,-9161
1005,1105,983619,992795,-9176
1006,1106,982379,991485,-9106
1007,1107,984517,993628,-9111
1008,1108,950104,957082,-6979
1009,1109,950115,957082,-6967
1010,1110,934254,941182,-6928
1011,1111,934239,941164,-6925
1012,1112,948587,955614,-7027
1013,1113,943084,949881,-6797
1014,1114,948882,955384,-6502
1015,1115,949613,955905,-6292
1016,1116,933504,943525,-10021
1017,1117,948648,958553,-9904
1018,1118,936326,944610,-8284
1019,1119,950981,959466,-8485
1020,1120,934311,944078,-9767
1021,1121,939018,950825,-11807
1022,1122,925992,935324,-9332
1023,1123,935036,944348,-9312
1024,1124,932689,942043,-9354
1025,1125,946380,955887,-9507
1026,1126,954917,964457,-9540
1027,1127,969549,979420,-9871
1028,1128,969526,979400,-9874
1029,1129,974596,985118,-10522
1030,1130,980222,991195,-10972
1031,1131,1000418,1011868,-11450
1032,1132,1013780,1026974,-13194
1033,1133,1004817,1017682,-12865
1034,1134,995000,1007731,-12731
1035,1135,961039,975370,-14331
1036,1136,965567,980008,-14441
1037,1137,981918,993774,-11856
1038,1138,996815,1008520,-11705
1039,1139,996808,1008514,-11706
1040,1140,997291,1008550,-11259
1041,1141,1003393,1013558,-10165
1042,1142,997608,1007430,-9822
1043,1143,1015624,1025227,-9603
1044,1144,981818,991567,-9748
1045,1145,989800,999530,-9730
1046,1146,955366,965199,-9833
1047,1147,959518,969084,-9566
1048,1148,948908,958413,-9505
1049,1149,931967,941505,-9538
1050,1150,915368,925273,-9905
1051,1151,919694,930166,-10471
1052,1152,940155,950912,-10757
1053,1153,948099,958898,-10799
1054,1154,946129,957444,-11315
1055,1155,954164,965814,-11650
1056,1156,915806,929455,-13649
1057,1157,919607,934106,-14499
1058,1158,925282,940504,-15222
1059,1159,929088,945106,-16018
1060,1160,947413,967162,-19749
1061,1161,948260,968009,-19748
1062,1162,955991,973753,-17762
1063,1163,940059,957789,-17730
1064,1164,904106,922915,-18809
1065,1165,908723,927715,-18992
1066,1166,912757,932499,-19742
1067,1167,935335,957560,-22225
1068,1168,937714,959693,-21979
1069,1169,945714,967670,-21957
1070,1170,945639,966214,-20575
1071,1171,959206,981732,-22526
1072,1172,919550,941462,-21913
1073,1173,923597,946353,-22756
1074,1174,925829,947189,-21360
1075,1175,930232,952140,-21909
1076,1176,945359,965991,-20632
1077,1177,943155,963781,-20626
1078,1178,903383,924547,-21164
1079,1179,918296,939726,-21431
1080,1180,911618,933040,-21422
1081,1181,874145,896811,-22666
1082,1182,878991,902910,-23919
1083,1183,902415,928541,-26126
1084,1184,916860,944199,-27340
1085,1185,916854,944196,-27341
1086,1186,916750,945408,-28658
1087,1187,934998,964468,-29470
1088,1188,916649,948208,-31560
1089,1189,932116,965152,-33036
1090,1190,901031,932047,-31016
1091,1191,909989,941021,-31032
1092,1192,909979,941015,-31036
1093,1193,906588,937678,-31090
1094,1194,900990,932068,-31078
1095,1195,901021,932097,-31076
1096,1196,901014,932092,-31078
1097,1197,915708,947090,-31382
1098,1198,915702,947088,-31386
1099,1199,913782,947860,-34078
1100,1200,931888,967159,-35271
1101,1201,910673,949782,-39109
1102,1202,926704,964206,-37501
1103,1203,898208,932705,-34497
1104,1204,907091,941695,-34605
1105,1205,903753,938351,-34599
1106,1206,895246,929849,-34603
1107,1207,889672,924284,-34611
1108,1208,890285,924902,-34617
1109,1209,890737,925353,-34616
1110,1210,890726,925340,-34614
1111,1211,890724,925336,-34612
1112,1212,884942,919847,-34905
1113,1213,884944,919849,-34904
1114,1214,893667,928670,-35002
1115,1215,855142,888808,-33666
1116,1216,869369,904811,-35442
1117,1217,872386,909804,-37418
1118,1218,886406,926404,-39997
1119,1219,880529,915651,-35122
1120,1220,880515,915674,-35159
1121,1221,846536,881843,-35307
1122,1222,869164,904544,-35380
1123,1223,876774,912023,-35249
1124,1224,854246,890302,-36055
1125,1225,854221,890277,-36056
1126,1226,867716,905143,-37427
1127,1227,881057,919402,-38346
1128,1228,895080,935332,-40252
1129,1229,913718,954821,-41103
1130,1230,884748,923687,-38939
1131,1231,893729,932596,-38866
1132,1232,894433,933478,-39044
1133,1233,894883,933928,-39045
1134,1234,882509,921973,-39463
1135,1235,883080,922547,-39467
1136,1236,841420,883561,-42141
1137,1237,841406,883547,-42142
1138,1238,836748,879064,-42316
1139,1239,836742,879060,-42318
1140,1240,826605,869556,-42951
1141,1241,834501,877763,-43263
1142,1242,794804,838554,-43750
1143,1243,798431,843234,-44803
1144,1244,786733,832191,-45458
1145,1245,790779,837563,-46784
1146,1246,817086,861932,-44846
1147,1247,821016,865517,-44501
1148,1248,829009,873482,-44474
1149,1249,834650,878553,-43903
1150,1250,818780,862651,-43871
1151,1251,794438,836987,-42549
1152,1252,813718,854293,-40574
1153,1253,829183,868831,-39648
1154,1254,852259,892973,-40714
1155,1255,857483,897328,-39845
1156,1256,864132,903978,-39846
1157,1257,877426,915746,-38320
1158,1258,890802,929024,-38222
1159,1259,866027,900450,-34422
1160,1260,866012,900435,-34423
1161,1261,869662,904587,-34925
1162,1262,871371,906213,-34842
1163,1263,875198,910987,-35789
1164,1264,892452,926631,-34179
1165,1265,884337,918569,-34232
1166,1266,875835,905418,-29583
1167,1267,890430,920043,-29613
1168,1268,879475,909082,-29607
1169,1269,879463,909071,-29608
1170,1270,894557,923861,-29304
1171,1271,890521,918975,-28454
1172,1272,896393,924711,-28318
1173,1273,891212,920261,-29049
1174,1274,907246,938623,-31376
1175,1275,882594,913482,-30888
1176,1276,882581,913465,-30884
1177,1277,887008,918002,-30994
1178,1278,892559,924067,-31508
1179,1279,892037,923354,-31317
1180,1280,914618,948877,-34260
1181,1281,917555,950567,-33012
1182,1282,890702,920366,-29664
1183,1283,918722,948116,-29394
1184,1284,925213,951402,-26189
1185,1285,958981,985115,-26134
1186,1286,926820,948826,-22006
1187,1287,932234,954725,-22491
1188,1288,893078,913759,-20681
1189,1289,896758,918251,-21492
1190,1290,892294,913961,-21667
1191,1291,887246,910275,-23029
1192,1292,908871,929127,-20256
1193,1293,915671,935935,-20264
1194,1294,923633,943904,-20270
1195,1295,934527,954794,-20267
1196,1296,949542,970110,-20567
1197,1297,935787,955102,-19316
1198,1298,939990,960047,-20056
1199,1299,913840,931633,-17793
1200,1300,909070,927673,-18603
1201,1301,894152,913443,-19291
1202,1302,900963,920241,-19278
1203,1303,913288,932382,-19094
1204,1304,928752,947869,-19116
1205,1305,939005,958070,-19065
1206,1306,948611,967679,-19068
1207,1307,990880,1010156,-19276
1208,1308,999307,1018686,-19379
1209,1309,999318,1018699,-19381
1210,1310,1014250,1033904,-19655
1211,1311,1014242,1033894,-19652
1212,1312,1027929,1049433,-21504
1213,1313,1046171,1066695,-20524
1214,1314,1045772,1066284,-20512
1215,1315,1070527,1090606,-20079
1216,1316,1047830,1063154,-15324
1217,1317,1045507,1060797,-15290
1218,1318,1029358,1043845,-14486
1219,1319,1043445,1058051,-14606
1220,1320,1051710,1066069,-14359
1221,1321,1014816,1029193,-14376
1222,1322,1028288,1042931,-14644
1223,1323,1046477,1062211,-15734
1224,1324,1046476,1061598,-15122
1225,1325,1071432,1087316,-15884
1226,1326,1047991,1060364,-12373
1227,1327,1045671,1057984,-12313
1228,1328,1029363,1040127,-10764
1229,1329,1043502,1054240,-10738
1230,1330,1049703,1060229,-10525
1231,1331,1044096,1054609,-10513
1232,1332,1048113,1058879,-10766
1233,1333,1052815,1064051,-11236
1234,1334,1057296,1068137,-10840
1235,1335,1082163,1093625,-11462
1236,1336,1089978,1101488,-11510
1237,1337,1101020,1112539,-11519
1238,1338,1129072,1140291,-11219
1239,1339,1148089,1159323,-11234
1240,1340,1181862,1193088,-11226
1241,1341,1178218,1188390,-10173
1242,1342,1192605,1202921,-10316
1243,1343,1184265,1192693,-8428
1244,1344,1172552,1181299,-8746
1245,1345,1138605,1149297,-10691
1246,1346,1143139,1153815,-10676
1247,1347,1167291,1180167,-12876
1248,1348,1181830,1195185,-13354
1249,1349,1166546,1180582,-14036
1250,1350,1180163,1195822,-15659
1251,1351,1163979,1183688,-19709
1252,1352,1168217,1189616,-21400
1253,1353,1155900,1179253,-23353
1254,1354,1164897,1188258,-23361
1255,1355,1167167,1190357,-23190
1256,1356,1135821,1159074,-23253
1257,1357,1136230,1159491,-23261
1258,1358,1136212,1159474,-23262
1259,1359,1133178,1155919,-22741
1260,1360,1133656,1156391,-22735
1261,1361,1123882,1145397,-21515
1262,1362,1117191,1138705,-21514
1263,1363,1076164,1098632,-22468
1264,1364,1076145,1098618,-22473
1265,1365,1048602,1069417,-20815
1266,1366,1048576,1069397,-20820
1267,1367,1062034,1082487,-20454
1268,1368,1079492,1102251,-22759
1269,1369,1093637,1116387,-22751
1270,1370,1112309,1135790,-23481
1271,1371,1121300,1144795,-23494
1272,1372,1124790,1147880,-23091
1273,1373,1096042,1117305,-21263
1274,1374,1101590,1122879,-21289
1275,1375,1097194,1118376,-21183
1276,1376,1097189,1118377,-21188
1277,1377,1087246,1107230,-19984
1278,1378,1093888,1114665,-20777
1279,1379,1056870,1074246,-17376
1280,1380,1060991,1078971,-17980
1281,1381,1026433,1044966,-18533
1282,1382,1011769,1030847,-19078
1283,1383,1018199,1037120,-18921
1284,1384,1011371,1030233,-18862
1285,1385,1019366,1038227,-18861
1286,1386,1033982,1053528,-19545
1287,1387,1030303,1049035,-18731
1288,1388,1043049,1063092,-20043
1289,1389,1052891,1072787,-19896
1290,1390,1051072,1073438,-22366
1291,1391,1034815,1058958,-24143
1292,1392,1043832,1067933,-24101
1293,1393,1041859,1066024,-24165
1294,1394,1050846,1074955,-24109
1295,1395,1056440,1080533,-24093
1296,1396,1052239,1075588,-23349
1297,1397,1052236,1075594,-23358
1298,1398,1042218,1064402,-22184
1299,1399,1050695,1072480,-21784
1300,1400,1010688,1033280,-22592
1301,1401,1014991,1038123,-23132
1302,1402,978261,1002197,-23937
1303,1403,971717,996571,-24854
1304,1404,986320,1010475,-24154
1305,1405,972000,996058,-24058
1306,1406,958810,982834,-24023
1307,1407,958415,982551,-24136
1308,1408,973640,997171,-23531
1309,1409,973631,997172,-23541
1310,1410,964368,986050,-21682
1311,1411,970142,991207,-21066
1312,1412,942554,962910,-20356
1313,1413,957716,978443,-20727
1314,1414,924868,946305,-21437
1315,1415,946060,967496,-21436
1316,1416,960539,981997,-21458
1317,1417,934492,955866,-21374
1318,1418,945208,966517,-21309
1319,1419,987573,1008861,-21287
1320,1420,988129,1009851,-21722
1321,1421,988116,1009848,-21732
1322,1422,960619,980957,-20339
1323,1423,956341,976673,-20332
1324,1424,920732,940960,-20228
1325,1425,945018,965716,-20698
1326,1426,945187,965917,-20730
1327,1427,916375,937071,-20696
1328,1428,927309,947951,-20642
1329,1429,941941,962896,-20954
1330,1430,937484,958183,-20699
1331,1431,941707,962737,-21030
1332,1432,938285,959961,-21677
1333,1433,934865,956827,-21962
1334,1434,920625,941720,-21095
1335,1435,934803,956212,-21409
1336,1436,895629,917342,-21713
1337,1437,880873,903076,-22203
1338,1438,868015,890155,-22140
1339,1439,857540,880107,-22567
1340,1440,882228,904702,-22474
1341,1441,889033,911517,-22485
1342,1442,905951,928211,-22260
1343,1443,927087,949279,-22193
1344,1444,926139,948084,-21944
1345,1445,936814,958767,-21953
1346,1446,940256,959560,-19304
1347,1447,956067,973939,-17871
1348,1448,942512,958768,-16256
1349,1449,948337,964182,-15845
1350,1450,922109,934991,-12881
1351,1451,939862,950144,-10281
1352,1452,907002,925515,-18513
1353,1453,907012,925523,-18511
1354,1454,902204,921079,-18876
1355,1455,902290,921487,-19197
1356,1456,905958,925637,-19679
1357,1457,929858,948951,-19093
1358,1458,930701,949792,-19091
1359,1459,946128,964491,-18363
1360,1460,946169,964532,-18363
1361,1461,951809,970098,-18289
1362,1462,957236,976180,-18944
1363,1463,981758,1000109,-18351
1364,1464,996285,1015334,-19049
1365,1465,982904,1002296,-19392
1366,1466,987307,1007082,-19775
1367,1467,960601,979331,-18731
1368,1468,956348,975583,-19235
1369,1469,939658,959930,-20272
1370,1470,946470,966725,-20255
1371,1471,958569,978971,-20403
1372,1472,970903,991155,-20252
1373,1473,975994,996281,-20287
1374,1474,986725,1006959,-20235
1375,1475,1029070,1049409,-20339
1376,1476,1043420,1063774,-20354
1377,1477,1043413,1063768,-20354
1378,1478,1044154,1064936,-20783
1379,1479,1049218,1071237,-22019
1380,1480,1064771,1086180,-21409
1381,1481,1063959,1085025,-21066
1382,1482,1023873,1044530,-20657
1383,1483,1028255,1049201,-20947
1384,1484,1035253,1056587,-21334
1385,1485,1039433,1061228,-21795
1386,1486,1051001,1071352,-20351
1387,1487,1064578,1085998,-21420
1388,1488,1033332,1050886,-17553
1389,1489,1028749,1046628,-17879
1390,1490,993722,1013080,-19357
1391,1491,998269,1017996,-19727
1392,1492,1014463,1033211,-18748
1393,1493,1019287,1039256,-19969
1394,1494,1013685,1033668,-19984
1395,1495,1017998,1038396,-20398
1396,1496,1024239,1044612,-20373
1397,1497,1028582,1049331,-20749
1398,1498,1053158,1072943,-19786
1399,1499,1055632,1074887,-19255
1400,1500,1063634,1082864,-19231
1401,1501,1061948,1079612,-17664
1402,1502,1070792,1087493,-16701
1403,1503,1030349,1048320,-17972
1404,1504,1034480,1052915,-18435
1405,1505,1024199,1042995,-18796
1406,1506,1028015,1047498,-19482
1407,1507,1052050,1071616,-19566
1408,1508,1054448,1074047,-19599
1409,1509,1062422,1081956,-19534
1410,1510,1060138,1080243,-20105
1411,1511,1068552,1088093,-19540
1412,1512,1030400,1048845,-18445
1413,1513,1034269,1053414,-19145
1414,1514,998756,1018538,-19782
1415,1515,992181,1012469,-20288
1416,1516,1005724,1026581,-20856
1417,1517,999319,1020001,-20682
1418,1518,978118,998800,-20682
1419,1519,982376,1003763,-21387
1420,1520,983826,1005382,-21556
1421,1521,987946,1010730,-22783
1422,1522,1003133,1025654,-22521
1423,1523,996001,1018514,-22513
1424,1524,958129,979810,-21681
1425,1525,959335,981013,-21678
1426,1526,963563,984970,-21408
1427,1527,963553,984957,-21404
1428,1528,968017,989648,-21631
1429,1529,967973,990131,-22158
1430,1530,972790,994915,-22125
1431,1531,984121,1007113,-22992
1432,1532,992073,1015081,-23008
1433,1533,960884,983673,-22789
1434,1534,978450,998421,-19972
1435,1535,974343,993799,-19456
1436,1536,977610,998528,-20918
1437,1537,973468,995501,-22033
1438,1538,970607,993466,-22859
1439,1539,955827,979253,-23426
1440,1540,971328,993829,-22501
1441,1541,929078,951599,-22521
1442,1542,922925,945554,-22629
1443,1543,916717,939171,-22455
1444,1544,900155,923026,-22871
1445,1545,904077,926703,-22626
1446,1546,912014,934653,-22639
1447,1547,911264,934352,-23089
1448,1548,911247,934332,-23085
1449,1549,920824,943703,-22879
1450,1550,887791,904769,-16978
1451,1551,892032,909402,-17371
1452,1552,892398,909652,-17254
1453,1553,896530,914378,-17847
1454,1554,912477,928082,-15605
1455,1555,918366,933997,-15631
1456,1556,885978,902861,-16883
1457,1557,896949,913785,-16836
1458,1558,911449,928567,-17118
1459,1559,905807,923005,-17198
1460,1560,910250,927608,-17358
1461,1561,911492,928712,-17221
1462,1562,876872,894209,-17336
1463,1563,900557,918723,-18167
1464,1564,910634,928904,-18270
1465,1565,910625,928890,-18266
1466,1566,905042,922109,-17067
1467,1567,903911,921669,-17758
1468,1568,871496,887283,-15787
1469,1569,896319,911733,-15414
1470,1570,860677,876203,-15525
1471,1571,858020,873440,-15419
1472,1572,855372,870766,-15394
1473,1573,849162,864104,-14942
1474,1574,827933,842894,-14961
1475,1575,841475,857666,-16191
1476,1576,856532,873289,-16757
1477,1577,870183,888778,-18595
1478,1578,890314,907448,-17134
1479,1579,857428,874737,-17309
1480,1580,880092,897574,-17482
1481,1581,889816,907003,-17186
1482,1582,905074,921925,-16851
1483,1583,893879,909881,-16001
1484,1584,898286,914786,-16500
1485,1585,866177,882270,-16093
1486,1586,870606,887423,-16817
1487,1587,890723,906795,-16073
1488,1588,899661,915774,-16112
1489,1589,895530,910887,-15358
1490,1590,922952,938526,-15574
1491,1591,898678,913991,-15313
1492,1592,898649,913969,-15319
1493,1593,894360,909265,-14905
1494,1594,908671,924058,-15387
1495,1595,898058,913100,-15042
1496,1596,895956,911959,-16002
1497,1597,860476,879342,-18866
1498,1598,884508,904250,-19743
1499,1599,884187,902998,-18811
1500,1600,884149,902955,-18806
1501,1601,889409,908597,-19188
1502,1602,890572,909810,-19237
1503,1603,913239,934395,-21156
1504,1604,919639,938836,-19198
1505,1605,912818,931967,-19148
1506,1606,888248,908006,-19758
1507,1607,902988,927463,-24475
1508,1608,901192,927734,-26542
1509,1609,923990,952230,-28240
1510,1610,930667,958874,-28207
1511,1611,949449,977168,-27719
1512,1612,963506,991322,-27816
1513,1613,970559,994473,-23915
1514,1614,970530,994442,-23911
1515,1615,936144,960022,-23878
1516,1616,945847,967193,-21347
1517,1617,945617,967024,-21407
1518,1618,967142,991332,-24190
1519,1619,972752,994364,-21612
1520,1620,969263,991273,-22010
1521,1621,936726,958092,-21366
1522,1622,941749,963023,-21274
1523,1623,968343,986298,-17955
1524,1624,981732,999654,-17922
1525,1625,986545,1003358,-16813
1526,1626,997977,1013358,-15381
1527,1627,997970,1013347,-15377
1528,1628,1002028,1018076,-16048
1529,1629,1007626,1021058,-13432
1530,1630,984597,996346,-11750
1531,1631,1008150,1020449,-12299
1532,1632,1014794,1027098,-12304
1533,1633,1037555,1049819,-12264
1534,1634,1048451,1059226,-10775
1535,1635,1063024,1073626,-10603
1536,1636,1052742,1061037,-8295
1537,1637,1057969,1065391,-7422
1538,1638,1022393,1030526,-8133
1539,1639,1027013,1035089,-8076
1540,1640,1045190,1054523,-9333
1541,1641,1053133,1062478,-9344
1542,1642,1052112,1061267,-9156
1543,1643,1052979,1062562,-9583
1544,1644,1012642,1022774,-10131
1545,1645,1024012,1027071,-3059
1546,1646,1036069,1033030,3039
1547,1647,1040197,1037784,2413
1548,1648,1044904,1061884,-16981
1549,1649,1047444,1064047,-16603
1550,1650,1068616,1085197,-16581
1551,1651,1081190,1096767,-15576
1552,1652,1077090,1092745,-15656
1553,1653,1047581,1064449,-16868
1554,1654,1090003,1106636,-16633
1555,1655,1154556,1110263,44293
1556,1656,1154540,1110247,44293
1557,1657,1158753,1115019,43735
1558,1658,1160538,1116585,43953
1559,1659,1165113,1121662,43452
1560,1660,1178706,1134960,43746
1561,1661,1185455,1141706,43749
1562,1662,1155295,1110239,45056
1563,1663,1163270,1118233,45037
1564,1664,1173741,1128521,45219
1565,1665,1173734,1128517,45217
1566,1666,1175859,1131951,43908
1567,1667,1188517,1144673,43844
1568,1668,1161886,1121052,40833
1569,1669,1186333,1146399,39934
1570,1670,1179332,1139570,39763
1571,1671,1188282,1148503,39779
1572,1672,1193867,1154113,39754
1573,1673,1180793,1139810,40983
1574,1674,1180792,1139809,40982
1575,1675,1147823,1103384,44439
1576,1676,1141652,1097186,44466
1577,1677,1101232,1057328,43904
1578,1678,1101198,1057291,43907
1579,1679,1064451,1020384,44066
1580,1680,1064422,1020361,44061
1581,1681,1080029,1035094,44935
1582,1682,1075599,1030170,45429
1583,1683,1079980,1034834,45146
1584,1684,1075344,1029001,46344
1585,1685,1070733,1024850,45883
1586,1686,1055845,1011112,44734
1587,1687,1062577,1017845,44732
1588,1688,1055890,1011052,44837
1589,1689,1028265,983664,44601
1590,1690,1028240,983640,44599
1591,1691,1032491,988408,44083
1592,1692,1038332,993765,44566
1593,1693,1042657,998406,44250
1594,1694,1062128,1017595,44532
1595,1695,1062984,1018445,44539
1596,1696,1073133,1027143,45990
1597,1697,1033476,987585,45891
1598,1698,1037496,992085,45411
1599,1699,1039442,993660,45782
1600,1700,1043656,998718,44938
1601,1701,1063083,1017887,45196
1602,1702,1039613,993173,46440
1603,1703,1039582,993142,46440
1604,1704,1038061,993166,44895
1605,1705,1055915,1013023,42892
1606,1706,1040416,992818,47598
1607,1707,1059098,1010316,48783
1608,1708,1027383,979687,47696
1609,1709,1036292,988595,47696
1610,1710,1008629,960615,48014
1611,1711,1014213,966184,48029
1612,1712,1014208,966176,48032
1613,1713,1009644,961299,48345
1614,1714,1009650,961305,48346
1615,1715,1010882,964121,46761
1616,1716,1010852,964099,46754
1617,1717,978503,929802,48701
1618,1718,982891,934407,48484
1619,1719,980136,931483,48653
1620,1720,992231,944979,47253
1621,1721,984447,937205,47242
1622,1722,948899,906178,42720
1623,1723,959805,917004,42800
1624,1724,972719,931265,41455
1625,1725,972709,931261,41448
1626,1726,963380,921496,41883
1627,1727,967608,926238,41370
1628,1728,932922,897685,35236
1629,1729,952064,915195,36869
1630,1730,920745,883551,37193
1631,1731,928741,891535,37206
1632,1732,902743,865650,37094
1633,1733,917037,880294,36743
1634,1734,917044,880294,36750
1635,1735,916264,880438,35826
1636,1736,922554,886595,35960
1637,1737,916830,882479,34351
1638,1738,925287,891279,34008
1639,1739,896593,860695,35899
1640,1740,907634,871779,35855
1641,1741,935527,899779,35749
1642,1742,954575,918758,35817
1643,1743,976992,948339,28653
1644,1744,976980,948331,28649
1645,1745,975222,952636,22586
1646,1746,968396,945798,22598
1647,1747,901201,922261,-21059
1648,1748,920991,940771,-19780
1649,1749,891803,913964,-22161
1650,1750,905840,928112,-22272
1651,1751,904194,926398,-22204
1652,1752,891974,914285,-22312
1653,1753,876299,898744,-22445
1654,1754,876755,899194,-22439
1655,1755,872577,894444,-21868
1656,1756,873154,895027,-21873
1657,1757,862796,884337,-21542
1658,1758,855977,877514,-21536
1659,1759,816661,837486,-20825
1660,1760,816666,837488,-20822
1661,1761,800768,821580,-20811
1662,1762,813567,836168,-22600
1663,1763,813560,836165,-22605
1664,1764,813310,836445,-23134
1665,1765,832849,855848,-23000
1666,1766,813477,836106,-22629
1667,1767,831144,851866,-20722
1668,1768,800065,820800,-20735
1669,1769,809085,829785,-20701
1670,1770,809057,829807,-20751
1671,1771,809034,829786,-20752
1672,1772,808598,829344,-20746
1673,1773,807526,828281,-20754
1674,1774,807528,828285,-20757
1675,1775,823790,843032,-19241
1676,1776,823833,843075,-19242
1677,1777,828348,847644,-19296
1678,1778,832233,851770,-19537
1679,1779,836295,856592,-20296
1680,1780,862951,880668,-17718
1681,1781,866584,883976,-17392
1682,1782,874555,891956,-17402
1683,1783,880311,895919,-15608
1684,1784,873534,889143,-15610
1685,1785,839633,853767,-14134
1686,1786,844896,859866,-14971
1687,1787,849023,864718,-15695
1688,1788,874287,889277,-14991
1689,1789,879046,893461,-14416
1690,1790,885712,900137,-14426
1691,1791,903247,917832,-14585
1692,1792,917033,931649,-14617
1693,1793,877950,892323,-14374
1694,1794,877960,892326,-14367
1695,1795,892433,907089,-14656
1696,1796,888414,902594,-14179
1697,1797,892990,907235,-14245
1698,1798,887815,901132,-13317
1699,1799,892315,905930,-13616
1700,1800,876474,890815,-14342
1701,1801,883137,897462,-14325
1702,1802,897634,910478,-12844
1703,1803,912265,925125,-12860
1704,1804,880943,889776,-8833
1705,1805,871960,880768,-8808
1706,1806,846756,856757,-10001
1707,1807,846769,856769,-10000
1708,1808,842161,852446,-10284
1709,1809,838662,849662,-11000
1710,1810,837779,848784,-11005
1711,1811,860215,873345,-13130
1712,1812,866975,880141,-13166
1713,1813,888187,901287,-13100
1714,1814,909341,922465,-13124
1715,1815,915583,928544,-12961
1716,1816,926262,939240,-12978
1717,1817,959605,972064,-12459
1718,1818,953237,965741,-12504
1719,1819,914429,926307,-11878
1720,1820,928432,940913,-12481
1721,1821,917518,930071,-12553
1722,1822,921922,934619,-12697
1723,1823,927324,940767,-13442
1724,1824,927995,940616,-12621
1725,1825,951799,965274,-13475
1726,1826,950390,962475,-12084
1727,1827,943638,955659,-12022
1728,1828,911464,924776,-13312
1729,1829,926475,939455,-12980
1730,1830,915562,928522,-12960
1731,1831,919771,933282,-13512
1732,1832,925490,939667,-14176
1733,1833,925043,940263,-15220
1734,1834,950488,964300,-13812
1735,1835,946351,959893,-13543
1736,1836,938514,952078,-13563
1737,1837,915190,927192,-12002
1738,1838,915189,927195,-12006
1739,1839,890069,902914,-12845
1740,1840,890183,903771,-13588
1741,1841,884888,900245,-15358
1742,1842,893505,910127,-16621
1743,1843,902494,919154,-16660
1744,1844,909134,925827,-16693
1745,1845,918925,933510,-14585
1746,1846,932963,947708,-14745
1747,1847,914976,928478,-13502
1748,1848,905967,919499,-13531
1749,1849,872251,884633,-12383
1750,1850,877290,890969,-13679
1751,1851,872213,886966,-14753
1752,1852,892127,906006,-13879
1753,1853,898449,912305,-13857
1754,1854,897367,911223,-13856
1755,1855,912056,926181,-14124
1756,1856,912071,926194,-14123
1757,1857,916292,930837,-14545
1758,1858,920672,935666,-14995
1759,1859,924892,940433,-15540
1760,1860,950324,965494,-15170
1761,1861,958271,973456,-15186
1762,1862,954538,966693,-12154
1763,1863,969208,981537,-12329
1764,1864,936281,946725,-10444
1765,1865,932011,942349,-10338
1766,1866,897099,909987,-12889
1767,1867,901854,914851,-12997
1768,1868,922398,930388,-7990
1769,1869,931193,936200,-5007
1770,1870,925621,930606,-4985
1771,1871,945719,945386,333
1772,1872,964711,965014,-303
1773,1873,980950,980126,824
1774,1874,1005848,1005115,733
1775,1875,1010315,1009526,789
1776,1876,1019320,1018469,851
1777,1877,1020272,1018480,1792
1778,1878,1009952,1008174,1778
1779,1879,967631,969559,-1928
1780,1880,967624,969552,-1928
1781,1881,967599,969527,-1927
1782,1882,982484,984315,-1831
1783,1883,978018,979724,-1706
1784,1884,982304,984317,-2013
1785,1885,976610,978027,-1417
1786,1886,971099,973908,-2809
1787,1887,955374,959509,-4135
1788,1888,963313,967372,-4058
1789,1889,961712,965752,-4040
1790,1890,919347,923374,-4027
1791,1891,933921,938041,-4120
1792,1892,933940,938063,-4123
1793,1893,937854,942975,-5121
1794,1894,945286,945864,-578
1795,1895,973020,943348,29671
1796,1896,998209,969105,29105
1797,1897,994253,964989,29265
1798,1898,995572,966322,29250
1799,1899,967339,937530,29809
1800,1900,981868,951931,29937
1801,1901,939623,909479,30144
1802,1902,944155,914085,30070
1803,1903,951451,921287,30164
1804,1904,956469,926310,30158
1805,1905,981492,953996,27496
1806,1906,992066,964753,27313
1807,1907,992057,964743,27314
1808,1908,986562,958477,28085
1809,1909,984256,956151,28105
1810,1910,952735,921545,31191
1811,1911,977528,945141,32387
1812,1912,941938,909606,32331
1813,1913,939131,906848,32283
1814,1914,939363,907018,32344
1815,1915,933194,900500,32694
1816,1916,916763,884061,32702
1817,1917,914500,883348,31152
1818,1918,919512,887983,31529
1819,1919,944214,911912,32303
1820,1920,954372,921888,32485
1821,1921,958185,925135,33050
1822,1922,963449,929218,34231
1823,1923,956613,922365,34248
1824,1924,922407,887875,34532
1825,1925,929592,896022,33570
1826,1926,918588,885904,32684
1827,1927,944236,915030,29205
1828,1928,958961,930614,28347
1829,1929,954753,925856,28897
1830,1930,960272,931935,28336
1831,1931,956499,927037,29462
1832,1932,974196,942529,31667
1833,1933,946979,917778,29201
1834,1934,946967,917756,29211
1835,1935,949493,918635,30858
1836,1936,950797,954268,-3471
1837,1937,940619,970409,-29790
1838,1938,955103,982025,-26922
1839,1939,930183,954601,-24419
1840,1940,932257,956626,-24369
1841,1941,921702,945024,-23321
1842,1942,940679,964059,-23380
1843,1943,967730,991133,-23404
1844,1944,930915,954219,-23304
1845,1945,942030,956604,-14574
1846,1946,942034,956605,-14571
1847,1947,950019,966445,-16426
1848,1948,970242,985044,-14802
1849,1949,974134,989239,-15106
1850,1950,993682,1006271,-12588
1851,1951,962446,975700,-13254
1852,1952,969107,982382,-13276
1853,1953,991936,1005295,-13359
1854,1954,1006052,1019331,-13279
1855,1955,1017333,1029412,-12079
1856,1956,1017319,1029399,-12080
1857,1957,1013303,1024336,-11033
1858,1958,1002135,1013093,-10957
1859,1959,966235,977927,-11691
1860,1960,991461,1002439,-10978
1861,1961,999394,1010384,-10990
1862,1962,1007418,1018325,-10907
1863,1963,1017532,1028151,-10619
1864,1964,1017521,1028141,-10621
1865,1965,1019120,1030527,-11407
1866,1966,1034875,1050204,-15329
1867,1967,1000072,1025613,-25541
1868,1968,1029119,1049881,-20762
1869,1969,1018132,1044207,-26075
1870,1970,1024761,1050861,-26099
1871,1971,1012164,1038769,-26605
1872,1972,1017334,1043945,-26611
1873,1973,993476,1019079,-25604
1874,1974,993460,1019056,-25596
1875,1975,989226,1014648,-25422
1876,1976,986589,1013342,-26753
1877,1977,985042,1012324,-27282
1878,1978,1010336,1036133,-25796
1879,1979,1016970,1042785,-25815
1880,1980,1044552,1070552,-26000
1881,1981,1059232,1085283,-26051
1882,1982,1054935,1080670,-25735
1883,1983,1054923,1080655,-25732
1884,1984,1062906,1086073,-23168
1885,1985,1049906,1073052,-23146
1886,1986,1016389,1039019,-22630
1887,1987,1021178,1044928,-23750
1888,1988,1047081,1068831,-21749
1889,1989,1061657,1083615,-21957
1890,1990,1061649,1083608,-21959
1891,1991,1061640,1083462,-21822
1892,1992,1066040,1088042,-22002
1893,1993,1030278,1087986,-57708
1894,1994,1039882,1098691,-58809
1895,1995,1008176,1066504,-58328
1896,1996,1013253,1071593,-58340
1897,1997,1002332,1060668,-58336
1898,1998,1017073,1075213,-58140
1899,1999,1017060,1073643,-56582
1900,2000,1017407,1074464,-57058
1901,2001,1022513,1080278,-57765
1902,2002,1035912,1093255,-57343
1903,2003,1050408,1108466,-58058
1904,2004,1010505,1065410,-54905
1905,2005,1014723,1070045,-55322
1906,2006,1016559,1071611,-55053
1907,2007,1021062,1076426,-55363
1908,2008,1036554,1092174,-55620
1909,2009,1030824,1086404,-55580
1910,2010,997666,1054774,-57108
1911,2011,1025095,1082254,-57159
1912,2012,1028979,1086094,-57114
1913,2013,1028962,1086070,-57108
1914,2014,1028948,1086055,-57107
1915,2015,1036340,1093162,-56823
1916,2016,1025208,1080845,-55637
1917,2017,1015288,1070943,-55655
1918,2018,981794,1039832,-58038
1919,2019,986284,1044899,-58614
1920,2020,1009940,1069724,-59784
1921,2021,1025023,1084992,-59970
1922,2022,1020397,1080126,-59730
1923,2023,1024801,1084878,-60076
1924,2024,1016729,1075851,-59122
1925,2025,1020969,1080858,-59889
1926,2026,1005959,1061348,-55389
1927,2027,1013896,1069264,-55369
1928,2028,1016373,1071203,-54830
1929,2029,1030547,1086115,-55567
1930,2030,1024650,1079656,-55006
1931,2031,991280,1048901,-57621
1932,2032,996419,1054864,-58446
1933,2033,1019577,1078618,-59041
1934,2034,1032366,1093367,-61001
1935,2035,1027377,1026713,664
1936,2036,1032139,1033762,-1623
1937,2037,1026530,1038948,-12418
1938,2038,1038787,1054616,-15829
1939,2039,1024572,1040804,-16232
1940,2040,1014731,1030850,-16119
1941,2041,1004744,1020969,-16226
1942,2042,995561,1011636,-16075
1943,2043,995997,1012071,-16074
1944,2044,995997,1012072,-16075
1945,2045,984834,998225,-13391
1946,2046,985312,998701,-13389
1947,2047,952239,964597,-12358
1948,2048,943295,955602,-12307
1949,2049,901548,917171,-15623
1950,2050,901528,917151,-15623
1951,2051,911186,925320,-14134
1952,2052,874283,888415,-14132
1953,2053,878546,893102,-14555
1954,2054,885416,900350,-14934
1955,2055,884954,900755,-15801
1956,2056,909399,925196,-15797
1957,2057,916046,930536,-14490
1958,2058,900107,914617,-14510
1959,2059,874129,890164,-16035
1960,2060,891705,910546,-18841
1961,2061,904860,926515,-21655
1962,2062,928921,950992,-22071
1963,2063,921383,943350,-21967
1964,2064,944037,966210,-22173
1965,2065,929834,945791,-15957
1966,2066,935798,951678,-15880
1967,2067,890929,912581,-21652
1968,2068,904820,927681,-22861
1969,2069,916307,941719,-25413
1970,2070,893760,920214,-26454
1971,2071,917193,944571,-27378
1972,2072,926210,953609,-27399
1973,2073,928093,955719,-27626
1974,2074,950777,978466,-27689
1975,2075,954556,981920,-27364
1976,2076,962572,990005,-27434
1977,2077,922222,951371,-29148
1978,2078,934261,965939,-31677
1979,2079,909514,943363,-33849
1980,2080,922732,959041,-36309
1981,2081,946572,983700,-37127
1982,2082,955572,992688,-37116
1983,2083,962184,999331,-37146
1984,2084,979983,1016556,-36572
1985,2085,994157,1030697,-36539
1986,2086,1002824,1039405,-36581
1987,2087,962353,1000730,-38377
1988,2088,966349,1005315,-38967
1989,2089,966486,1005179,-38694
1990,2090,970734,1010165,-39431
1991,2091,984569,1024962,-40393
1992,2092,979559,1019921,-40361
1993,2093,945591,984975,-39384
1994,2094,945550,984925,-39375
1995,2095,959784,999773,-39989
1996,2096,959788,999771,-39983
1997,2097,964533,1005530,-40998
1998,2098,965172,1005775,-40603
1999,2099,990612,1030930,-40318
2000,2100,999450,1039735,-40285
2001,2101,959281,999369,-40088
2002,2102,963886,1003824,-39939
2003,2103,963857,1003840,-39983
2004,2104,967938,1008802,-40864
2005,2105,984008,1022948,-38941
2006,2106,982995,1021929,-38934
2007,2107,950878,990321,-39443
2008,2108,966243,1005502,-39259
2009,2109,959587,998838,-39251
2010,2110,921958,961449,-39491
2011,2111,925949,966011,-40062
2012,2112,930174,970953,-40778
2013,2113,954585,995874,-41289
2014,2114,962539,1003831,-41292
2015,2115,965885,1007232,-41347
2016,2116,980896,1021917,-41021
2017,2117,970193,1009209,-39016
2018,2118,974172,1013724,-39552
2019,2119,939956,978102,-38146
2020,2120,944135,982792,-38658
2021,2121,964866,1002417,-37550
2022,2122,971655,1009209,-37554
2023,2123,971402,1007271,-35869
2024,2124,966428,1002403,-35975
2025,2125,943719,976847,-33128
2026,2126,943680,976815,-33135
2027,2127,947853,981263,-33410
2028,2128,954114,987229,-33115
2029,2129,953106,986273,-33167
2030,2130,975831,1010798,-34967
2031,2131,978442,1012593,-34152
2032,2132,973375,1006687,-33313
2033,2133,987422,1020768,-33347
2034,2134,985952,1017011,-31059
2035,2135,1018778,1049932,-31155
2036,2136,1003538,1032117,-28579
2037,2137,1011673,1040232,-28559
2038,2138,985725,1015213,-29488
2039,2139,1017094,1046669,-29575
2040,2140,1008162,1037665,-29503
2041,2141,1017952,1046875,-28922
2042,2142,1017493,1046405,-28913
2043,2143,1020676,1050876,-30200
2044,2144,1025847,1056730,-30883
2045,2145,1053033,1081421,-28388
2046,2146,1067997,1096164,-28167
2047,2147,1067985,1096149,-28164
2048,2148,1084847,1111021,-26174
2049,2149,1101774,1132562,-30787
2050,2150,1116198,1147623,-31425
2051,2151,1134439,1167842,-33403
2052,2152,1143453,1176869,-33416
2053,2153,1139130,1171317,-32187
2054,2154,1161890,1193964,-32073
2055,2155,1135907,1168956,-33049
2056,2156,1151685,1181798,-30112
2057,2157,1137633,1167311,-29679
2058,2158,1143550,1172588,-29038
2059,2159,1117836,1141911,-24075
2060,2160,1136131,1160151,-24020
2061,2161,1111919,1135514,-23596
2062,2162,1111869,1135472,-23603
2063,2163,1079815,1103259,-23444
2064,2164,1085267,1109351,-24084
2065,2165,1089990,1114305,-24315
2066,2166,1099926,1123576,-23651
2067,2167,1106757,1130387,-23630
2068,2168,1095266,1115424,-20158
2069,2169,1107484,1127650,-20166
2070,2170,1080100,1099252,-19152
2071,2171,1090698,1109912,-19215
2072,2172,1126459,1145493,-19034
2073,2173,1104873,1123473,-18601
2074,2174,1104836,1123437,-18601
2075,2175,1118730,1138301,-19572
2076,2176,1123448,1141636,-18188
2077,2177,1136104,1156839,-20734
2078,2178,1131326,1146073,-14747
2079,2179,1128997,1143733,-14736
2080,2180,1114481,1127462,-12981
2081,2181,1128655,1141573,-12917
2082,2182,1137291,1149569,-12279
2083,2183,1100282,1112658,-12376
2084,2184,1113216,1126953,-13737
2085,2185,1130459,1146704,-16246
2086,2186,1139512,1157067,-17555
2087,2187,1165614,1181172,-15558
2088,2188,1166325,1180501,-14176
2089,2189,1159958,1174186,-14229
2090,2190,1146255,1157936,-11681
2091,2191,1160309,1171972,-11663
2092,2192,1175169,1186745,-11576
2093,2193,1175165,1186734,-11569
2094,2194,1179278,1191347,-12069
2095,2195,1180580,1191659,-11079
2096,2196,1184872,1196286,-11413
2097,2197,1204173,1215563,-11391
2098,2198,1171576,1182580,-11004
2099,2199,1171526,1182536,-11010
2100,2200,1181686,1192590,-10904
2101,2201,1181673,1192575,-10903
2102,2202,1177539,1187387,-9847
2103,2203,1167752,1177844,-10092
2104,2204,1129521,1142123,-12602
2105,2205,1154314,1166678,-12364
2106,2206,1161066,1173476,-12410
2107,2207,1182199,1194488,-12289
2108,2208,1198974,1210902,-11928
2109,2209,1209600,1221662,-12062
2110,2210,1212037,1222797,-10759
2111,2211,1238440,1249102,-10662
2112,2212,1207466,1217950,-10484
2113,2213,1207424,1217899,-10476
2114,2214,1222007,1232485,-10478
2115,2215,1221992,1232467,-10475
2116,2216,1222096,1232528,-10431
2117,2217,1226334,1236436,-10101
2118,2218,1220898,1231978,-11080
2119,2219,1232916,1242617,-9702
2120,2220,1198927,1211685,-12758
2121,2221,1206862,1219660,-12798
2122,2222,1210971,1223168,-12197
2123,2223,1210952,1223148,-12196
2124,2224,1224752,1238034,-13282
2125,2225,1236093,1253036,-16942
2126,2226,1247822,1267952,-20130
2127,2227,1261576,1281811,-20236
2128,2228,1262769,1282985,-20215
2129,2229,1233637,1252681,-19044
2130,2230,1242563,1261668,-19104
2131,2231,1200723,1219743,-19020
2132,2232,1189511,1208555,-19043
2133,2233,1148960,1167872,-18913
2134,2234,1139625,1158488,-18863
2135,2235,1137841,1155851,-18010
2136,2236,1122785,1140931,-18146
2137,2237,1111908,1130558,-18650
2138,2238,1099838,1118588,-18750
2139,2239,1104095,1123636,-19541
2140,2240,1130915,1149304,-18389
2141,2241,1133488,1150558,-17070
2142,2242,1141486,1158570,-17084
2143,2243,1147267,1163610,-16343
2144,2244,1118649,1139257,-20607
2145,2245,1118615,1139220,-20605
2146,2246,1105844,1129103,-23259
2147,2247,1112494,1136670,-24176
2148,2248,1085546,1105076,-19530
2149,2249,1100482,1121505,-21022
2150,2250,1076998,1098730,-21733
2151,2251,1076970,1098699,-21729
2152,2252,1084961,1106933,-21971
2153,2253,1067630,1087623,-19994
2154,2254,1081846,1103041,-21194
2155,2255,1104630,1127242,-22612
2156,2256,1107724,1130955,-23231
2157,2257,1116639,1139930,-23291
2158,2258,1120500,1143060,-22560
2159,2259,1086309,1109069,-22760
2160,2260,1086290,1109053,-22763
2161,2261,1081629,1104382,-22753
2162,2262,1081634,1104386,-22752
2163,2263,1085994,1108013,-22019
2164,2264,1079124,1101169,-22044
2165,2265,1044061,1066640,-22580
2166,2266,1048416,1071310,-22894
2167,2267,1009921,1033900,-23980
2168,2268,1024845,1048000,-23155
2169,2269,1021041,1044123,-23082
2170,2270,1007813,1030936,-23123
2171,2271,997476,1020868,-23392
2172,2272,1013988,1035511,-21522
2173,2273,1000117,1020670,-20553
2174,2274,1005515,1026415,-20900
2175,2275,980871,998995,-18124
2176,2276,997483,1016225,-18742
2177,2277,970763,991780,-21017
2178,2278,970742,991765,-21023
2179,2279,938122,959465,-21343
2180,2280,943513,965124,-21612
2181,2281,947446,970022,-22576
2182,2282,940913,976456,-35542
2183,2283,948725,984226,-35501
2184,2284,929400,960547,-31147
2185,2285,948360,979452,-31092
2186,2286,926475,959480,-33004
2187,2287,960234,993393,-33159
2188,2288,953547,986710,-33163
2189,2289,950249,983586,-33338
